num_doctors,avg_open_ms,avg_identity_recovery_ms,avg_accountability_total_ms
10,1.3304893999702472,0.0011255999652348692,1.331614999935482
100,1.2249227999745926,0.0011975999314017827,1.2261226999271457
1000,1.3105433000418998,0.0019452000287856208,1.3127638000696606
10000,1.272597800107178,0.0018646999251359375,1.274457300087306
