num_doctors,avg_total_ms
10,49.18093209997778
100,147.59953699998505
1000,813.2921304999854
10000,7128.3885446999875
