total_attributes,avg_combined_issuance_total_ms
4,97.2670121
6,109.1279329
8,110.1352868
10,112.534865
12,120.9017198
