disclosed_count,hidden_count,avg_proof_generation_ms
1,7,96.468108199997
2,6,76.88543560002472
3,5,71.87333709998711
4,4,68.56243659999564
