disclosed_count,hidden_count,avg_combined_verification_ms
1,7,175.2030668000316
2,6,166.77636800009168
3,5,163.3948245999818
4,4,154.1925916999844
